{
  "tasticType": "commercetools/ui/footer",
  "name": "commercetools UI footer",
  "icon": "menu",
  "category": "Header and footer",
  "schema": [
    {
      "name": "Nav Column 1",
      "fields": [
        {
          "type": "description",
          "text": "Ideally 3-6 links"
        },
        {
          "label": "Header",
          "field": "headerCol1",
          "translatable": true,
          "required": true,
          "type": "string"
        },
        {
          "label": "Links",
          "field": "linksCol1",
          "type": "group",
          "itemLabelField": "name",
          "fields": [
            {
              "label": "Name",
              "field": "name",
              "translatable": true,
              "required": true,
              "type": "string"
            },
            {
              "label": "Link",
              "field": "reference",
              "required": true,
              "type": "reference"
            }
          ]
        }
      ]
    },
    {
      "name": "Nav Column 2",
      "fields": [
        {
          "type": "description",
          "text": "Ideally 3-6 links"
        },
        {
          "label": "Header",
          "field": "headerCol2",
          "translatable": true,
          "required": true,
          "type": "string"
        },
        {
          "label": "Links",
          "field": "linksCol2",
          "type": "group",
          "itemLabelField": "name",
          "fields": [
            {
              "label": "Name",
              "field": "name",
              "translatable": true,
              "required": true,
              "type": "string"
            },
            {
              "label": "Link",
              "field": "reference",
              "required": true,
              "type": "reference"
            }
          ]
        }
      ]
    },
    {
      "name": "Nav Column 3",
      "fields": [
        {
          "type": "description",
          "text": "Ideally 3-6 links"
        },
        {
          "label": "Header",
          "field": "headerCol3",
          "translatable": true,
          "required": true,
          "type": "string"
        },
        {
          "label": "Links",
          "field": "linksCol3",
          "type": "group",
          "itemLabelField": "name",
          "fields": [
            {
              "label": "Name",
              "field": "name",
              "translatable": true,
              "required": true,
              "type": "string"
            },
            {
              "label": "Link",
              "field": "reference",
              "required": true,
              "type": "reference"
            }
          ]
        }
      ]
    },
    {
      "name": "Nav Column 4",
      "fields": [
        {
          "type": "description",
          "text": "Ideally 3-6 links"
        },
        {
          "label": "Header",
          "field": "headerCol4",
          "translatable": true,
          "required": true,
          "type": "string"
        },
        {
          "label": "Links",
          "field": "linksCol4",
          "type": "group",
          "itemLabelField": "name",
          "fields": [
            {
              "label": "Name",
              "field": "name",
              "translatable": true,
              "required": true,
              "type": "string"
            },
            {
              "label": "Link",
              "field": "reference",
              "required": true,
              "type": "reference"
            }
          ]
        }
      ]
    },
    {
      "name": "Logo",
      "fields": [
        {
          "label": "Logo",
          "field": "logo",
          "type": "media"
        }
      ]
    },
    {
      "name": "Social Media",
      "fields": [
        {
          "label": "Social Media",
          "field": "socialMedia",
          "type": "group",
          "fields": [
            {
              "label": "Logo Icon",
              "field": "logo",
              "type": "media"
            },
            {
              "type": "description",
              "text": "External links must include the hypertext transfer protocol (http://)"
            },
            {
              "label": "Link",
              "field": "reference",
              "type": "reference"
            }
          ]
        }
      ]
    }
  ]
}
