{
  "tasticType": "commercetools/ui/cart",
  "name": "commercetools UI cart",
  "icon": "shopping_cart",
  "category": "Cart",
  "schema": [
    {
      "name": "Payment Methods",
      "fields": [
        {
          "label": "Payment Method",
          "field": "paymentMethods",
          "type": "group",
          "itemLabelField": "name",
          "min": 0,
          "fields": [
            {
              "label": "Name",
              "field": "name",
              "type": "string",
              "required": true
            },
            {
              "label": "Image",
              "field": "image",
              "type": "media",
              "required": true
            }
          ]
        }
      ]
    },
    {
      "name": "Empty State",
      "fields": [
        {
          "label": "Description",
          "field": "emptyStateDescription",
          "type": "string"
        }
      ]
    }
  ]
}
